3522,LU,2,Luxembourg,Luxembourg City,,,,Fixed line services start with 2
3523,LU,3,Luxembourg,South Region,,,,Fixed line services start with 3
3524,LU,4,Luxembourg,Center Region,,,,Fixed line services start with 4
3525,LU,5,Luxembourg,South Region,,,,Fixed line services start with 5
3528,LU,8,Luxembourg,West Region,,,,Fixed line services start with 8
3529,LU,9,Luxembourg,North Region,,,,Fixed line services start with 9
352621,LU,621,Luxembourg,Mobile,,,,POST Luxembourg
352661,LU,661,Luxembourg,Mobile,,,,Orange Luxembourg
352691,LU,691,Luxembourg,Mobile,,,,Tango Mobile
