37322,MD,22,Chișinău,Chișinău,,,,"The Capital. Soviet modernist architecture and green parks. Stefan cel Mare boulevard."
373231,MD,231,Bălți,Bălți,,,,"'Northern Capital'. Industrial and cultural center."
373291,MD,291,Cahul,Cahul,,,,"Southern cultural center. Folk music festivals."
373533,MD,533,Transnistria,Tiraspol,,,,"De facto capital of Transnistria. Soviet relics."
373298,MD,298,Gagauzia,Comrat,,,,"Capital of the autonomous Gagauz region. Turkic heritage."
37360,MD,60,Moldova,Mobile,,,,Orange Moldova
37368,MD,68,Moldova,Mobile,,,,Orange Moldova
37379,MD,79,Moldova,Mobile,,,,Moldcell
37367,MD,67,Moldova,Mobile,,,,Unité
