[
  {
    "id": "1204",
    "code": "204",
    "country": "Canada",
    "region": "Manitoba",
    "city": "",
    "e164": "1204",
    "notes": "Friendly Manitoba. One of the original 1947 codes."
  },
  {
    "id": "1226",
    "code": "226",
    "country": "Canada",
    "region": "Southwest Ontario",
    "city": "",
    "e164": "1226",
    "notes": "Overlay for 519 (London/Windsor)."
  },
  {
    "id": "1236",
    "code": "236",
    "country": "Canada",
    "region": "British Columbia",
    "city": "",
    "e164": "1236",
    "notes": "Province-wide overlay for BC."
  },
  {
    "id": "1249",
    "code": "249",
    "country": "Canada",
    "region": "Northern Ontario",
    "city": "",
    "e164": "1249",
    "notes": "Overlay for 705 (Sudbury/Muskoka)."
  },
  {
    "id": "1250",
    "code": "250",
    "country": "Canada",
    "region": "BC Interior / Island",
    "city": "",
    "e164": "1250",
    "notes": "Kelowna. Everything outside Vancouver Metro."
  },
  {
    "id": "1289",
    "code": "289",
    "country": "Canada",
    "region": "GTA Suburbs",
    "city": "",
    "e164": "1289",
    "notes": "Overlay for 905 (Toronto Suburbs)."
  },
  {
    "id": "1306",
    "code": "306",
    "country": "Canada",
    "region": "Saskatchewan",
    "city": "",
    "e164": "1306",
    "notes": "Rider Nation. The original Saskatchewan code."
  },
  {
    "id": "1343",
    "code": "343",
    "country": "Canada",
    "region": "Ottawa / East ON",
    "city": "",
    "e164": "1343",
    "notes": "Overlay for 613 (National Capital Region)."
  },
  {
    "id": "1365",
    "code": "365",
    "country": "Canada",
    "region": "GTA Suburbs",
    "city": "",
    "e164": "1365",
    "notes": "Newer overlay for the 905 belt."
  },
  {
    "id": "1403",
    "code": "403",
    "country": "Canada",
    "region": "Southern Alberta",
    "city": "Calgary",
    "e164": "1403",
    "notes": "Banff. The \"Cowtown\" code."
  },
  {
    "id": "1416",
    "code": "416",
    "country": "Canada",
    "region": "Toronto (Core)",
    "city": "",
    "e164": "1416",
    "notes": "The 6ix. Drake made this code famous. Strictly downtown status."
  },
  {
    "id": "1418",
    "code": "418",
    "country": "Canada",
    "region": "Eastern Quebec",
    "city": "Quebec City",
    "e164": "1418",
    "notes": "Saguenay. Francophone heartland."
  },
  {
    "id": "1431",
    "code": "431",
    "country": "Canada",
    "region": "Manitoba",
    "city": "",
    "e164": "1431",
    "notes": "Newer overlay for Winnipeg/Manitoba."
  },
  {
    "id": "1437",
    "code": "437",
    "country": "Canada",
    "region": "Toronto (Core)",
    "city": "",
    "e164": "1437",
    "notes": "The newest overlay for downtown Toronto."
  },
  {
    "id": "1438",
    "code": "438",
    "country": "Canada",
    "region": "Montreal",
    "city": "",
    "e164": "1438",
    "notes": "Newer overlay for Montreal Island."
  },
  {
    "id": "1450",
    "code": "450",
    "country": "Canada",
    "region": "Montreal Suburbs",
    "city": "Laval",
    "e164": "1450",
    "notes": "Longueuil. The commuter belt code."
  },
  {
    "id": "1506",
    "code": "506",
    "country": "Canada",
    "region": "New Brunswick",
    "city": "",
    "e164": "1506",
    "notes": "The only officially bilingual province."
  },
  {
    "id": "1514",
    "code": "514",
    "country": "Canada",
    "region": "Montreal (Island)",
    "city": "",
    "e164": "1514",
    "notes": "The \"212\" of Quebec. Historic urban and culturally significant"
  },
  {
    "id": "1519",
    "code": "519",
    "country": "Canada",
    "region": "Southwest Ontario",
    "city": "Waterloo",
    "e164": "1519",
    "notes": "The \"Tech Triangle\" (Blackberry birthplace)."
  },
  {
    "id": "1548",
    "code": "548",
    "country": "Canada",
    "region": "Southwest Ontario",
    "city": "",
    "e164": "1548",
    "notes": "Newer overlay for 519."
  },
  {
    "id": "1579",
    "code": "579",
    "country": "Canada",
    "region": "Montreal Suburbs",
    "city": "",
    "e164": "1579",
    "notes": "Newer overlay for 450."
  },
  {
    "id": "1581",
    "code": "581",
    "country": "Canada",
    "region": "Eastern Quebec",
    "city": "",
    "e164": "1581",
    "notes": "Newer overlay for Quebec City."
  },
  {
    "id": "1587",
    "code": "587",
    "country": "Canada",
    "region": "Alberta",
    "city": "",
    "e164": "1587",
    "notes": "Province-wide overlay (created during the oil boom)."
  },
  {
    "id": "1604",
    "code": "604",
    "country": "Canada",
    "region": "Vancouver (Metro)",
    "city": "",
    "e164": "1604",
    "notes": "The original BC code. \"The 604\" lifestyle brand."
  },
  {
    "id": "1613",
    "code": "613",
    "country": "Canada",
    "region": "Eastern Ontario",
    "city": "Ottawa",
    "e164": "1613",
    "notes": "Kingston. The Political Capital code."
  },
  {
    "id": "1639",
    "code": "639",
    "country": "Canada",
    "region": "Saskatchewan",
    "city": "",
    "e164": "1639",
    "notes": "Newer overlay for Saskatchewan."
  },
  {
    "id": "1647",
    "code": "647",
    "country": "Canada",
    "region": "Toronto (Metro)",
    "city": "",
    "e164": "1647",
    "notes": "The first overlay for Toronto (2001). Very common  but not \"OG\" like 416."
  },
  {
    "id": "1672",
    "code": "672",
    "country": "Canada",
    "region": "British Columbia",
    "city": "",
    "e164": "1672",
    "notes": "Future/New overlay."
  },
  {
    "id": "1705",
    "code": "705",
    "country": "Canada",
    "region": "Northern Ontario",
    "city": "",
    "e164": "1705",
    "notes": "Cottage Country. Synonymous with summer vacations by the lake."
  },
  {
    "id": "1709",
    "code": "709",
    "country": "Canada",
    "region": "Newfoundland & Labrador",
    "city": "",
    "e164": "1709",
    "notes": "Unique time zone (+30 mins). Distinct local culture."
  },
  {
    "id": "1753",
    "code": "753",
    "country": "Canada",
    "region": "Eastern Ontario",
    "city": "",
    "e164": "1753",
    "notes": "Future overlay for Ottawa area."
  },
  {
    "id": "1778",
    "code": "778",
    "country": "Canada",
    "region": "British Columbia",
    "city": "",
    "e164": "1778",
    "notes": "Ubiquitous mobile code across BC."
  },
  {
    "id": "1780",
    "code": "780",
    "country": "Canada",
    "region": "Northern Alberta",
    "city": "Edmonton",
    "e164": "1780",
    "notes": "Oil Sands. The \"Gretzky Era\" code."
  },
  {
    "id": "1782",
    "code": "782",
    "country": "Canada",
    "region": "Nova Scotia & PEI",
    "city": "",
    "e164": "1782",
    "notes": "Newer overlay for the Maritimes."
  },
  {
    "id": "1807",
    "code": "807",
    "country": "Canada",
    "region": "Northwest Ontario",
    "city": "",
    "e164": "1807",
    "notes": "Thunder Bay. Culturally closer to Winnipeg than Toronto."
  },
  {
    "id": "1819",
    "code": "819",
    "country": "Canada",
    "region": "Western Quebec",
    "city": "Gatineau, Hull, Tremblant",
    "e164": "1819",
    "notes": ""
  },
  {
    "id": "1825",
    "code": "825",
    "country": "Canada",
    "region": "Alberta",
    "city": "",
    "e164": "1825",
    "notes": "Newest Alberta overlay."
  },
  {
    "id": "1867",
    "code": "867",
    "country": "Canada",
    "region": "Yukon",
    "city": "Nunavut",
    "e164": "1867",
    "notes": "The \"Arctic\" code. Covers 40% of Canada's land mass."
  },
  {
    "id": "1873",
    "code": "873",
    "country": "Canada",
    "region": "Western Quebec",
    "city": "",
    "e164": "1873",
    "notes": "Newer overlay for 819."
  },
  {
    "id": "1902",
    "code": "902",
    "country": "Canada",
    "region": "Nova Scotia & PEI",
    "city": "Halifax",
    "e164": "1902",
    "notes": "Charlottetown. Trailer Park Boys setting."
  },
  {
    "id": "1905",
    "code": "905",
    "country": "Canada",
    "region": "GTA (Suburbs)",
    "city": "Mississauga",
    "e164": "1905",
    "notes": "Brampton. \"The 905\" refers to the suburban commuter ring."
  }
]